{"accuracy_train": 0.5314285714285715, "accuracy_val": 0.6158940397350994, "loss_train": 4.543083533644676e-05, "loss_val": 0.024286706000566483, "precision_train": 0.5314285714285715, "precision_val": 0.6158940397350994, "_timestamp": 1716211074.9759758, "_runtime": 852.9604578018188, "_step": 0}