{"accuracy_train": 0.4895833333333333, "accuracy_val": 0.5492957746478874, "loss_train": 0.00024429434910416603, "loss_val": 0.02468128316104412, "precision_train": 0.501779359430605, "precision_val": 0.5492957746478874, "_timestamp": 1715961777.0399346, "_runtime": 418.14524269104004, "_step": 1}