{"accuracy_train": 0.49666666666666665, "accuracy_val": 0.5247524752475248, "loss_train": 5.1505517214536664e-05, "loss_val": 0.024301212280988693, "precision_train": 0.49666666666666665, "precision_val": 0.5247524752475248, "_timestamp": 1717416398.4683585, "_runtime": 624.0905015468597, "_step": 0}