{"accuracy_train": 0.47333333333333333, "accuracy_val": 0.5544554455445545, "loss_train": 5.5257581174373624e-05, "loss_val": 0.024496635422110558, "precision_train": 0.47333333333333333, "precision_val": 0.5544554455445545, "_timestamp": 1717417649.770527, "_runtime": 639.5649349689484, "_step": 0}